City_ID,City,Country,Date,Lat,Lng,Max Temp,Humidity,Cloudiness,Wind Speed
0,Visnes,NO,2021-04-07 17:30:48,59.3556,5.2242,37.0,80,75,28.77
1,Whitehorse,CA,2021-04-07 17:30:48,60.7161,-135.0538,10.99,51,20,5.75
2,Barsovo,RU,2021-04-07 17:30:48,61.1667,73.1667,32.0,93,75,6.71
3,Yellowknife,CA,2021-04-07 17:30:05,62.456,-114.3525,18.0,67,90,13.8
4,Albany,US,2021-04-07 17:30:42,42.6001,-73.9662,66.99,35,39,1.99
5,Fortuna,US,2021-04-07 17:30:49,40.5982,-124.1573,50.0,87,90,8.05
6,Wanning,CN,2021-04-07 17:30:49,18.8003,110.3967,73.45,90,20,0.38
7,Dikson,RU,2021-04-07 17:30:50,73.5069,80.5464,-0.54,89,52,3.76
8,Saint-Philippe,RE,2021-04-07 17:30:50,-21.3585,55.7679,78.8,83,20,4.61
9,Avarua,CK,2021-04-07 17:30:50,-21.2078,-159.775,80.6,74,90,6.91
10,Muros,ES,2021-04-07 17:30:51,42.7762,-9.0603,72.0,63,100,8.01
11,Walvis Bay,NA,2021-04-07 17:30:51,-22.9575,14.5053,64.4,72,26,9.22
12,Mataura,NZ,2021-04-07 17:30:51,-46.1927,168.8643,46.99,95,40,2.59
13,Esperance,AU,2021-04-07 17:30:52,-33.8667,121.9,62.6,94,40,6.91
14,East London,ZA,2021-04-07 17:30:52,-33.0153,27.9116,64.4,88,40,5.75
15,Bredasdorp,ZA,2021-04-07 17:30:53,-34.5322,20.0403,59.0,94,84,2.3
16,Santa Rosa,PH,2021-04-07 17:26:33,14.3122,121.1114,84.0,74,75,6.91
17,Najran,SA,2021-04-07 17:30:53,17.4924,44.1277,77.0,15,0,4.61
18,Salalah,OM,2021-04-07 17:30:53,17.0151,54.0924,82.4,69,0,3.44
19,Vaini,TO,2021-04-07 17:30:54,-21.2,-175.2,66.2,94,40,9.13
20,Kodiak,US,2021-04-07 17:30:54,57.79,-152.4072,35.6,64,1,5.75
21,Mar Del Plata,AR,2021-04-07 17:30:55,-38.0023,-57.5575,81.0,69,40,12.66
22,Nhulunbuy,AU,2021-04-07 17:30:55,-12.2333,136.7667,71.6,88,97,2.21
23,Cape Town,ZA,2021-04-07 17:26:57,-33.9258,18.4232,69.01,82,0,19.57
24,Ushuaia,AR,2021-04-07 17:30:55,-54.8,-68.3,46.4,93,75,4.61
25,Takhtamygda,RU,2021-04-07 17:30:56,54.1,123.5667,8.58,96,49,2.33
26,Hithadhoo,MV,2021-04-07 17:30:56,-0.6,73.0833,82.69,67,93,8.57
27,San Sebastian,ES,2021-04-07 17:30:56,43.3128,-1.975,53.6,54,0,9.22
28,Atuona,PF,2021-04-07 17:30:57,-9.8,-139.0333,80.82,73,46,16.2
29,Bojnice,SK,2021-04-07 17:30:57,48.7851,18.5864,35.01,96,92,3.83
30,Sovetskiy,RU,2021-04-07 17:30:57,61.3614,63.5842,34.41,90,100,3.47
31,Geraldton,AU,2021-04-07 17:30:58,-28.7667,114.6,73.4,83,75,19.57
32,Broome,US,2021-04-07 17:30:58,42.2506,-75.833,66.0,20,40,5.5
33,Iqaluit,CA,2021-04-07 17:30:58,63.7506,-68.5145,33.8,80,90,28.77
34,Faya,SA,2021-04-07 17:30:59,18.3851,42.4509,69.8,56,20,8.05
35,Garowe,SO,2021-04-07 17:30:59,8.4054,48.4845,74.84,51,13,17.56
36,Kavaratti,IN,2021-04-07 17:30:59,10.5669,72.642,83.68,73,36,11.07
37,Hobart,AU,2021-04-07 17:27:07,-42.8794,147.3294,60.8,67,99,9.22
38,Novo Aripuana,BR,2021-04-07 17:31:00,-5.1206,-60.3797,90.34,55,35,2.01
39,Peterhead,GB,2021-04-07 17:31:00,57.5058,-1.7981,39.2,56,75,5.75
40,Rikitea,PF,2021-04-07 17:31:01,-23.1203,-134.9692,76.64,61,0,7.38
41,Kahului,US,2021-04-07 17:31:02,20.8947,-156.47,69.8,78,40,18.41
42,Egvekinot,RU,2021-04-07 17:31:02,66.3167,-179.1667,-13.2,88,6,8.55
43,Kruisfontein,ZA,2021-04-07 17:31:03,-34.0033,24.7314,63.0,85,84,1.01
44,Duekoue,CI,2021-04-07 17:31:03,6.7472,-7.3496,86.05,59,100,1.9
45,Airai,TL,2021-04-07 17:31:03,-8.9266,125.4092,59.4,92,37,0.98
46,Narsipatnam,IN,2021-04-07 17:31:04,17.6667,82.6167,82.4,83,40,6.91
47,Samarai,PG,2021-04-07 17:31:04,-10.6167,150.6667,80.46,78,83,5.55
48,Batagay,RU,2021-04-07 17:31:05,67.6333,134.6333,-18.53,99,46,3.47
49,Cabo San Lucas,MX,2021-04-07 17:29:13,22.8909,-109.9124,78.8,78,75,4.61
50,Georgetown,MY,2021-04-07 17:31:05,5.4112,100.3354,80.6,89,20,6.31
51,Apache Junction,US,2021-04-07 17:26:26,33.4151,-111.5496,80.01,9,1,4.61
52,Nome,US,2021-04-07 17:26:57,64.5011,-165.4064,-8.0,84,1,6.46
53,Winnemucca,US,2021-04-07 17:31:06,40.973,-117.7357,57.2,19,1,5.35
54,Porto Santo,PT,2021-04-07 17:31:06,33.072,-16.3415,68.0,83,40,9.22
55,Port Hardy,CA,2021-04-07 17:30:05,50.6996,-127.4199,41.0,87,75,5.75
56,Beringovskiy,RU,2021-04-07 17:31:07,63.05,179.3167,-3.01,95,100,12.71
57,Mahebourg,MU,2021-04-07 17:31:07,-20.4081,57.7,80.6,78,75,8.05
58,Benguela,AO,2021-04-07 17:30:01,-12.5763,13.4055,82.27,82,68,4.29
59,New Norfolk,AU,2021-04-07 17:31:08,-42.7826,147.0587,60.8,67,100,9.22
60,Faanui,PF,2021-04-07 17:31:08,-16.4833,-151.75,80.94,71,85,14.34
61,Mao,ES,2021-04-07 17:31:08,39.8885,4.2658,50.0,46,0,21.85
62,Dingle,PH,2021-04-07 17:31:09,10.9995,122.6711,74.26,83,89,5.79
63,Sept-Iles,CA,2021-04-07 17:31:09,50.2001,-66.3821,59.0,35,40,10.36
64,Nouadhibou,MR,2021-04-07 17:31:10,20.931,-17.0347,71.6,64,85,16.11
65,Asau,RO,2021-04-07 17:31:10,46.4333,26.4,33.01,63,95,1.66
66,Kununurra,AU,2021-04-07 17:31:10,-15.7667,128.7333,73.4,94,40,2.08
67,San Juan De Uraba,CO,2021-04-07 17:31:11,8.7592,-76.5297,83.5,77,99,6.08
68,Dandong,CN,2021-04-07 17:31:11,40.1292,124.3947,41.58,31,0,4.97
69,Bambous Virieux,MU,2021-04-07 17:31:11,-20.3428,57.7575,81.0,78,75,8.05
70,Barrow,US,2021-04-07 17:31:12,71.2906,-156.7887,-18.4,69,75,11.5
71,Bengkulu,ID,2021-04-07 17:31:12,-3.8004,102.2655,75.6,89,74,4.03
72,Cherskiy,RU,2021-04-07 17:31:13,68.75,161.3,-27.27,99,78,4.43
73,Upernavik,GL,2021-04-07 17:31:13,72.7868,-56.1549,8.96,86,24,6.13
74,Awjilah,LY,2021-04-07 17:31:13,29.1081,21.2869,72.36,24,15,8.86
75,Mount Gambier,AU,2021-04-07 17:31:14,-37.8333,140.7667,46.4,100,75,8.05
76,Castro,BR,2021-04-07 17:31:14,-24.7911,-50.0119,72.18,57,32,7.67
77,Saskylakh,RU,2021-04-07 17:31:14,71.9167,114.0833,-0.31,97,100,5.17
78,Punta Arenas,CL,2021-04-07 17:31:15,-53.15,-70.9167,55.4,67,0,11.5
79,Busselton,AU,2021-04-07 17:31:15,-33.65,115.3333,60.01,84,91,3.0
80,Bathsheba,BB,2021-04-07 17:31:16,13.2167,-59.5167,86.0,51,20,14.97
81,Dawson Creek,CA,2021-04-07 17:31:16,55.7666,-120.2362,42.8,52,40,9.22
82,Butaritari,KI,2021-04-07 17:31:16,3.0707,172.7902,81.12,79,89,13.27
83,Port Elizabeth,ZA,2021-04-07 17:28:58,-33.918,25.5701,60.8,94,75,9.22
84,Tautira,PF,2021-04-07 17:31:17,-17.7333,-149.15,75.2,69,20,4.61
85,Hilo,US,2021-04-07 17:31:17,19.7297,-155.09,66.2,82,75,3.44
86,Port Blair,IN,2021-04-07 17:31:17,11.6667,92.75,81.41,69,81,2.59
87,Itupiranga,BR,2021-04-07 17:29:08,-5.1347,-49.3267,95.0,43,40,8.05
88,Sorgun,TR,2021-04-07 17:31:18,39.8101,35.186,56.32,38,0,6.49
89,Makakilo City,US,2021-04-07 17:31:18,21.3469,-158.0858,69.8,77,75,5.75
90,Vostok,RU,2021-04-07 17:31:19,46.4856,135.8833,13.59,76,87,3.24
91,San Quintin,MX,2021-04-07 17:31:19,30.4833,-115.95,68.63,59,59,12.71
92,Katsuura,JP,2021-04-07 17:31:19,35.1333,140.3,53.01,54,73,5.91
93,Kapaa,US,2021-04-07 17:31:20,22.0752,-159.319,71.6,68,40,19.57
94,Kamenka,RU,2021-04-07 17:31:20,51.3223,42.7678,48.0,85,82,13.0
95,Carnarvon,AU,2021-04-07 17:31:20,-24.8667,113.6333,77.0,73,72,17.27
96,Luderitz,NA,2021-04-07 17:30:05,-26.6481,15.1594,65.71,71,0,10.58
97,Port Alfred,ZA,2021-04-07 17:31:21,-33.5906,26.891,66.31,93,95,13.18
98,Damghan,IR,2021-04-07 17:31:21,36.1683,54.348,67.89,19,10,4.45
99,Doka,SD,2021-04-07 17:31:22,13.5167,35.7667,95.27,9,32,7.67
100,Qaanaaq,GL,2021-04-07 17:31:22,77.484,-69.3632,3.25,72,51,9.46
101,Norman Wells,CA,2021-04-07 17:31:22,65.282,-126.8329,-4.0,71,75,8.05
102,Ostersund,SE,2021-04-07 17:28:04,63.1792,14.6357,32.0,64,20,13.8
103,Muravlenko,RU,2021-04-07 17:31:23,63.7898,74.523,26.94,95,99,9.89
104,Baykit,RU,2021-04-07 17:31:23,61.67,96.37,25.21,98,93,2.1
105,Henties Bay,NA,2021-04-07 17:31:24,-22.116,14.2845,63.46,83,3,7.0
106,Bluff,NZ,2021-04-07 17:31:24,-46.6,168.3333,46.99,95,44,12.62
107,Tuktoyaktuk,CA,2021-04-07 17:31:24,69.4541,-133.0374,-9.4,77,75,8.05
108,Hailar,CN,2021-04-07 17:31:25,49.2,119.7,32.2,46,11,5.82
109,Pisco,PE,2021-04-07 17:31:25,-13.7,-76.2167,73.4,68,0,9.22
110,Sapa,PH,2021-04-07 17:31:25,5.1544,120.3241,80.28,76,53,1.5
111,Quebrangulo,BR,2021-04-07 17:31:26,-9.3189,-36.4711,85.68,43,100,10.96
112,Hermanus,ZA,2021-04-07 17:31:26,-34.4187,19.2345,66.0,81,71,1.99
113,Cayenne,GF,2021-04-07 17:30:00,4.9333,-52.3333,75.2,94,75,3.71
114,Okhotsk,RU,2021-04-07 17:31:26,59.3833,143.3,7.75,95,100,4.68
115,Laguna,US,2021-04-07 17:31:27,38.421,-121.4238,59.0,62,1,9.22
116,Anadyr,RU,2021-04-07 17:31:27,64.75,177.4833,-18.4,76,0,6.71
117,Atar,MR,2021-04-07 17:31:27,20.5169,-13.0499,95.88,10,15,14.67
118,Ostrovnoy,RU,2021-04-07 17:31:28,68.0531,39.5131,33.37,78,49,28.39
119,Kawalu,ID,2021-04-07 17:31:28,-7.3817,108.2082,73.38,93,100,0.83
120,Zhangye,CN,2021-04-07 17:31:29,38.9342,100.4517,53.15,44,93,0.78
121,Bandarbeyla,SO,2021-04-07 17:31:29,9.4942,50.8122,79.11,60,6,8.97
122,Saint Anthony,US,2021-04-07 17:27:08,45.0205,-93.218,68.0,77,75,10.36
123,Lagoa,PT,2021-04-07 17:31:29,39.05,-27.9833,59.72,90,11,20.15
124,Ilulissat,GL,2021-04-07 17:31:30,69.2167,-51.1,21.2,58,40,4.61
125,Tiksi,RU,2021-04-07 17:31:30,71.6872,128.8694,-11.97,94,92,4.03
126,Semirom,IR,2021-04-07 17:31:30,31.4167,51.5667,54.25,30,38,2.13
127,Helong,CN,2021-04-07 17:31:31,42.5397,128.9972,34.3,31,8,11.86
128,San Patricio,US,2021-04-07 17:31:31,28.017,-97.5169,82.4,69,90,11.5
129,Zhigansk,RU,2021-04-07 17:31:31,66.7697,123.3711,4.59,80,100,20.09
130,Banepa,NP,2021-04-07 17:31:32,27.6298,85.5214,62.6,72,20,2.3
131,Agboville,CI,2021-04-07 17:31:32,5.928,-4.2132,88.05,58,93,5.61
132,Longyearbyen,SJ,2021-04-07 17:31:32,78.2186,15.6401,23.0,86,90,24.16
133,Olafsvik,IS,2021-04-07 17:31:33,64.8945,-23.7142,32.29,94,100,16.4
134,Orapa,BW,2021-04-07 17:31:33,-21.2833,25.3667,72.0,28,2,9.37
135,Puerto Ayora,EC,2021-04-07 17:27:37,-0.7393,-90.3518,80.6,74,40,9.22
136,Bonthe,SL,2021-04-07 17:31:34,7.5264,-12.505,83.7,71,81,8.5
137,Vila Franca Do Campo,PT,2021-04-07 17:31:34,37.7167,-25.4333,62.6,82,75,19.57
138,Quetta,PK,2021-04-07 17:31:34,30.199,67.0097,59.67,17,0,4.21
139,Det Udom,TH,2021-04-07 17:31:35,14.906,105.0784,90.0,65,86,3.44
140,Vorkuta,RU,2021-04-07 17:31:35,67.5,64.0,14.05,94,92,4.83
141,Gizo,SB,2021-04-07 17:31:35,-8.103,156.8419,77.97,91,100,12.86
142,Araguaina,BR,2021-04-07 17:31:36,-7.1911,-48.2072,86.83,57,99,6.53
143,Angoche,MZ,2021-04-07 17:31:36,-16.2325,39.9086,78.04,76,3,8.5
144,Sao Filipe,CV,2021-04-07 17:31:37,14.8961,-24.4956,75.94,65,0,7.9
145,Arauco,CL,2021-04-07 17:27:08,-37.2463,-73.3175,66.2,72,20,10.36
146,Vizinga,RU,2021-04-07 17:31:37,61.0749,50.1031,32.61,96,97,2.71
147,Cidreira,BR,2021-04-07 17:31:37,-30.1811,-50.2056,76.42,68,0,17.98
148,Snasa,NO,2021-04-07 17:31:38,64.2457,12.3778,32.0,86,75,3.44
149,Marabba,SD,2021-04-07 17:31:38,12.35,32.1833,94.71,6,11,8.5
150,Victoria Point,AU,2021-04-07 17:31:38,-27.5833,153.3,68.0,91,62,8.43
151,Ancud,CL,2021-04-07 17:31:39,-41.8697,-73.8203,59.0,88,75,11.5
152,Touros,BR,2021-04-07 17:31:39,-5.1989,-35.4608,84.2,70,40,12.66
153,Havre,FR,2021-04-07 17:31:40,49.5833,0.3333,42.8,70,90,11.5
154,Boende,CD,2021-04-07 17:31:40,-0.2167,20.8667,72.27,93,91,2.44
155,Serrinha,BR,2021-04-07 17:29:20,-11.6642,-39.0075,84.9,48,82,14.72
156,Manta,EC,2021-04-07 17:31:41,-0.95,-80.7333,84.2,65,20,8.05
157,Ufa,RU,2021-04-07 17:31:42,54.775,56.0375,37.4,87,75,6.71
158,Jiazi,CN,2021-04-07 17:31:42,22.8779,116.067,66.33,73,90,11.45
159,Itarema,BR,2021-04-07 17:31:42,-2.9248,-39.9167,85.12,62,100,14.52
160,Bethel,US,2021-04-07 17:31:43,41.3712,-73.414,66.2,37,1,10.36
161,Victoria,HK,2021-04-07 17:31:43,22.2855,114.1577,73.99,83,99,1.01
162,Jaciara,BR,2021-04-07 17:30:14,-15.9653,-54.9683,81.21,74,99,0.78
163,Khorinsk,RU,2021-04-07 17:31:43,52.1657,109.7726,33.13,70,17,1.57
164,Vanimo,PG,2021-04-07 17:31:44,-2.6741,141.3028,78.1,89,100,8.66
165,Tongzi,CN,2021-04-07 17:31:44,28.7829,105.0877,59.7,86,86,1.95
166,Akdagmadeni,TR,2021-04-07 17:31:44,39.6603,35.8836,54.84,43,7,8.08
167,Los Llanos De Aridane,ES,2021-04-07 17:31:45,28.6585,-17.9182,71.6,73,40,4.61
168,San Vicente,AR,2021-04-07 17:31:45,-26.6167,-54.1333,84.56,32,0,3.65
169,Morondava,MG,2021-04-07 17:31:46,-20.2833,44.2833,78.06,82,0,10.16
170,Alofi,NU,2021-04-07 17:31:46,-19.0595,-169.9187,75.2,100,23,3.44
171,Guatire,VE,2021-04-07 17:31:47,10.4762,-66.5427,84.0,48,99,3.0
172,Jega,NG,2021-04-07 17:31:47,12.2175,4.3792,95.16,12,10,2.17
173,Arys,KZ,2021-04-07 17:31:47,42.4252,68.795,53.6,71,2,2.24
174,Auki,SB,2021-04-07 17:31:48,-8.7676,160.7034,76.75,85,93,5.97
175,Elizabeth City,US,2021-04-07 17:31:48,36.2946,-76.2511,80.01,42,2,5.19
176,Nuevitas,CU,2021-04-07 17:31:48,21.5453,-77.2644,82.4,54,75,13.8
177,Aqtobe,KZ,2021-04-07 17:27:04,50.2797,57.2072,35.6,87,75,4.47
178,Hovd,MN,2021-04-07 17:31:49,48.0056,91.6419,42.64,36,0,7.29
179,Northam,GB,2021-04-07 17:31:49,51.0333,-4.2167,45.0,66,53,4.0
180,Kikwit,CD,2021-04-07 17:31:50,-5.041,18.8162,73.38,86,93,4.0
181,Tuatapere,NZ,2021-04-07 17:31:50,-46.1333,167.6833,46.99,95,23,4.72
182,Jamestown,US,2021-04-07 17:31:50,42.097,-79.2353,69.01,56,1,6.91
183,Ribeira Grande,PT,2021-04-07 17:31:51,38.5167,-28.7,62.6,82,75,20.71
184,Kologriv,RU,2021-04-07 17:31:51,58.8275,44.3178,34.54,92,56,9.24
185,Derzhavinsk,KZ,2021-04-07 17:31:51,51.1,66.3167,43.63,77,90,15.52
186,Hami,CN,2021-04-07 17:31:52,42.8,93.45,61.54,24,73,13.38
187,Necaxa,MX,2021-04-07 17:31:52,20.2167,-98.0,83.21,30,5,7.45
188,Bose,IT,2021-04-07 17:31:52,45.4612,8.0137,53.01,17,0,4.61
189,Dicabisagan,PH,2021-04-07 17:31:53,17.0818,122.4157,73.63,86,99,7.61
190,Coquimbo,CL,2021-04-07 17:31:54,-29.9533,-71.3436,66.2,68,0,13.8
191,Bubaque,GW,2021-04-07 17:31:54,11.2833,-15.8333,78.22,78,74,17.34
192,Mehamn,NO,2021-04-07 17:31:54,71.0357,27.8492,35.6,69,20,19.57
193,Roma,US,2021-04-07 17:30:03,43.2128,-75.4557,66.2,34,1,6.91
194,Arraial Do Cabo,BR,2021-04-07 17:31:55,-22.9661,-42.0278,78.8,88,75,4.61
195,Dodge City,US,2021-04-07 17:31:54,37.7528,-100.0171,39.99,87,90,19.57
196,Klaksvik,FO,2021-04-07 17:31:55,62.2266,-6.589,30.2,100,90,13.8
197,Labuhan,ID,2021-04-07 17:31:56,-6.8844,112.2051,78.78,86,100,7.49
198,Pechora,RU,2021-04-07 17:31:56,65.1472,57.2244,36.09,79,100,6.96
199,Fairbanks,US,2021-04-07 17:31:32,64.8378,-147.7164,3.99,84,1,2.06
200,Wewak,PG,2021-04-07 17:31:57,-3.5534,143.6268,76.3,92,100,9.35
201,Chacabuco,AR,2021-04-07 17:30:13,-34.6417,-60.4739,87.01,68,1,10.0
202,Becerril,CO,2021-04-07 17:31:57,9.7041,-73.2793,88.88,60,100,2.71
203,Clyde River,CA,2021-04-07 17:31:57,70.4692,-68.5914,8.6,85,75,9.22
204,Raga,SS,2021-04-07 17:31:58,8.4596,25.678,88.86,15,63,4.56
205,Goderich,CA,2021-04-07 17:31:58,43.7501,-81.7165,69.8,52,31,10.36
206,Chokurdakh,RU,2021-04-07 17:31:58,70.6333,147.9167,-18.04,94,100,2.93
207,Mafinga,TZ,2021-04-07 17:31:59,-7.25,35.0667,67.23,90,31,2.37
208,Lasa,IT,2021-04-07 17:31:59,46.6166,10.7002,46.4,63,40,6.91
209,Karoi,ZW,2021-04-07 17:32:00,-16.8099,29.6925,60.75,69,2,4.94
210,Broken Hill,AU,2021-04-07 17:28:05,-31.95,141.4333,60.8,36,0,6.31
211,Caravelas,BR,2021-04-07 17:32:00,-17.7125,-39.2481,80.15,64,100,10.04
212,Cap Malheureux,MU,2021-04-07 17:32:01,-19.9842,57.6142,81.0,75,83,5.99
213,Mandalgovi,MN,2021-04-07 17:32:01,45.7625,106.2708,39.76,34,3,8.12
214,Manado,ID,2021-04-07 17:32:01,1.487,124.8455,78.8,94,40,1.14
215,Orlik,RU,2021-04-07 17:32:02,52.5178,99.825,18.48,87,30,2.04
216,Kaitangata,NZ,2021-04-07 17:32:02,-46.2817,169.8464,52.0,97,38,4.0
217,The Pas,CA,2021-04-07 17:32:02,53.8251,-101.2541,48.2,43,1,8.05
218,Tosya,TR,2021-04-07 17:32:03,41.0155,34.0401,56.3,44,1,3.85
219,Lumby,CA,2021-04-07 17:29:37,50.2498,-118.969,52.0,57,100,2.3
220,Nicoya,CR,2021-04-07 17:32:03,10.1483,-85.452,91.4,38,0,10.36
221,Inta,RU,2021-04-07 17:32:04,66.0317,60.1659,27.9,90,85,7.18
222,Xuddur,SO,2021-04-07 17:32:04,4.1213,43.8894,84.69,25,17,3.76
223,Alice Springs,AU,2021-04-07 17:32:04,-23.7,133.8833,63.0,67,2,5.75
224,Nagato,JP,2021-04-07 17:32:05,34.3833,131.2,51.8,76,75,6.91
225,Port Lincoln,AU,2021-04-07 17:32:05,-34.7333,135.8667,68.16,40,65,8.28
226,Primero De Marzo,PY,2021-04-07 17:32:06,-25.153,-56.928,84.2,61,75,6.91
227,Afua,BR,2021-04-07 17:32:06,-0.1567,-50.3867,82.74,78,66,2.82
228,Rumford,US,2021-04-07 17:32:06,44.5537,-70.5509,57.99,71,90,4.61
229,Hasaki,JP,2021-04-07 17:32:07,35.7333,140.8333,52.0,87,75,3.44
230,Flin Flon,CA,2021-04-07 17:32:07,54.7682,-101.865,48.2,40,1,4.61
231,Carauari,BR,2021-04-07 17:32:08,-4.8828,-66.8958,88.2,60,40,3.4
232,Ewa Beach,US,2021-04-07 17:32:08,21.3156,-158.0072,69.8,77,75,5.75
233,Itoman,JP,2021-04-07 17:32:08,26.1247,127.6694,68.0,64,20,6.91
234,Kokkola,FI,2021-04-07 17:32:09,63.8385,23.1307,37.4,48,0,3.44
235,Coihaique,CL,2021-04-07 17:32:09,-45.5752,-72.0662,53.6,76,75,3.44
236,Collie,AU,2021-04-07 17:32:09,-33.3667,116.15,57.99,78,89,7.0
237,Chuy,UY,2021-04-07 17:32:10,-33.6971,-53.4616,78.89,59,1,14.03
238,Banjar,ID,2021-04-07 17:32:10,-8.19,114.9675,80.6,94,40,2.3
239,Merauke,ID,2021-04-07 17:32:11,-8.4667,140.3333,78.03,85,100,3.56
240,Saldanha,ZA,2021-04-07 17:32:11,-33.0117,17.9442,66.2,68,39,10.36
241,Kainantu,PG,2021-04-07 17:32:11,-6.2887,145.8655,59.67,97,100,3.6
242,Bilibino,RU,2021-04-07 17:32:12,68.0546,166.4372,-22.45,91,13,3.65
243,Nyrob,RU,2021-04-07 17:32:12,60.733,56.7202,33.84,99,100,3.38
244,Dhidhdhoo,MV,2021-04-07 17:32:13,6.8833,73.1,83.66,71,69,9.53
245,Quang Ngai,VN,2021-04-07 17:32:13,15.1167,108.8,72.55,93,48,4.07
246,Maceio,BR,2021-04-07 17:29:48,-9.6658,-35.7353,86.0,58,40,9.22
247,Sarangani,PH,2021-04-07 17:32:13,5.4033,125.4636,81.09,77,30,7.9
248,Ofaqim,IL,2021-04-07 17:32:14,31.3141,34.6203,73.0,34,1,7.56
249,Kopavogur,IS,2021-04-07 17:32:14,64.1123,-21.913,32.0,86,90,6.91
250,Vardo,NO,2021-04-07 17:32:14,70.3705,31.1107,35.6,75,20,17.27
251,Sangar,RU,2021-04-07 17:32:15,63.9242,127.4739,3.49,88,91,12.59
252,Preobrazheniye,RU,2021-04-07 17:32:15,42.9019,133.9064,32.61,38,0,8.99
253,Sobolevo,RU,2021-04-07 17:32:15,54.4299,31.8996,33.46,87,100,5.37
254,San Carlos,VE,2021-04-07 17:28:55,9.6612,-68.5827,90.16,48,100,4.54
255,Yoichi,JP,2021-04-07 17:32:16,43.2039,140.7703,34.0,92,27,11.5
256,Nova Vicosa,BR,2021-04-07 17:32:16,-17.8919,-39.3719,79.75,66,100,12.5
257,Namibe,AO,2021-04-07 17:32:17,-15.1961,12.1522,78.76,84,29,7.92
258,Seoul,KR,2021-04-07 17:29:16,37.5683,126.9778,50.0,57,0,4.38
259,Srednekolymsk,RU,2021-04-07 17:32:17,67.45,153.6833,-14.51,99,100,2.46
260,Yar-Sale,RU,2021-04-07 17:32:18,66.8333,70.8333,3.72,99,48,4.0
261,Tura,IN,2021-04-07 17:32:18,25.5198,90.2201,69.91,64,5,4.68
262,Marawi,PH,2021-04-07 17:32:18,7.9986,124.2928,79.0,86,97,4.0
263,Ailigandi,PA,2021-04-07 17:32:19,9.2333,-78.0167,82.65,78,99,8.39
264,Shirokiy,RU,2021-04-07 17:32:19,49.758,129.523,23.02,65,86,17.54
265,Rafraf,TN,2021-04-07 17:32:19,37.1904,10.1837,59.0,62,40,18.41
266,Alegrete,BR,2021-04-07 17:32:20,-29.7831,-55.7919,88.99,32,0,9.35
267,Hamilton,US,2021-04-07 17:28:07,39.1834,-84.5333,79.0,41,1,8.05
268,Vila Velha,BR,2021-04-07 17:32:20,-20.3297,-40.2925,77.0,88,90,9.22
269,Maniitsoq,GL,2021-04-07 17:32:21,65.4167,-52.9,31.53,68,48,1.86
270,Tiarei,PF,2021-04-07 17:32:21,-17.5333,-149.3333,75.2,69,20,4.61
271,Nizhniy Odes,RU,2021-04-07 17:32:21,63.6445,54.856,34.05,86,100,4.7
272,Kupino,RU,2021-04-07 17:32:22,54.3663,77.2981,15.94,99,18,5.1
273,Zempoala,MX,2021-04-07 17:32:22,19.45,-96.4167,87.01,58,1,4.61
274,Villazon,BO,2021-04-07 17:30:08,-22.0866,-65.5942,65.35,25,19,6.67
275,Lazaro Cardenas,MX,2021-04-07 17:32:23,17.9583,-102.2,83.71,52,0,10.31
276,Gidole,ET,2021-04-07 17:32:23,5.65,37.3667,62.38,62,61,3.13
277,Bilma,NE,2021-04-07 17:32:23,18.6853,12.9164,90.9,5,0,5.06
278,Sabha,LY,2021-04-07 17:32:24,27.0377,14.4283,84.51,17,0,11.25
279,Thompson,CA,2021-04-07 17:32:24,55.7435,-97.8558,41.0,52,40,5.75
280,Lufilufi,WS,2021-04-07 17:32:24,-13.8745,-171.5986,77.0,88,40,3.44
281,Mazamari,PE,2021-04-07 17:32:25,-11.3258,-74.5308,89.49,44,58,3.11
282,Ouanaminthe,HT,2021-04-07 17:32:25,19.55,-71.7333,80.96,66,97,9.89
283,Lakatoro,VU,2021-04-07 17:32:25,-16.0999,167.4164,78.15,82,70,8.61
284,Te Anau,NZ,2021-04-07 17:32:26,-45.4167,167.7167,43.74,91,6,0.45
285,Udachnyy,RU,2021-04-07 17:32:26,66.4167,112.4,21.94,96,100,6.8
286,Naryan-Mar,RU,2021-04-07 17:30:05,67.6713,53.087,34.57,95,100,11.34
287,Dafeng,CN,2021-04-07 17:32:26,23.4517,108.5881,71.24,93,89,5.32
288,Khorixas,NA,2021-04-07 17:32:27,-20.3667,14.9667,81.16,35,76,12.57
289,Codrington,AU,2021-04-07 17:32:27,-38.2667,141.9667,55.98,77,34,6.44
290,Tasiilaq,GL,2021-04-07 17:32:27,65.6145,-37.6368,24.8,58,20,3.44
291,Torbay,CA,2021-04-07 17:32:28,47.6666,-52.7314,39.99,100,90,6.91
292,Roald,NO,2021-04-07 17:32:28,62.5833,6.1333,33.8,86,40,6.91
293,Lebu,CL,2021-04-07 17:32:29,-37.6167,-73.65,61.38,71,0,8.01
294,Sioux Lookout,CA,2021-04-07 17:32:29,50.1001,-91.917,48.2,46,75,10.36
295,Qaqortoq,GL,2021-04-07 17:32:29,60.7167,-46.0333,42.8,61,20,6.91
296,Mitu,CO,2021-04-07 17:32:30,1.1983,-70.1733,81.01,86,77,1.45
297,Plettenberg Bay,ZA,2021-04-07 17:32:30,-34.0527,23.3716,62.1,91,77,2.06
298,Isangel,VU,2021-04-07 17:32:30,-19.55,169.2667,75.31,85,92,6.89
299,Eureka,US,2021-04-07 17:32:31,40.8021,-124.1637,50.0,77,100,3.0
300,Ixtapa,MX,2021-04-07 17:32:15,20.7,-105.2,78.8,61,1,8.05
301,Konevo,RU,2021-04-07 17:32:31,62.1215,39.3192,35.78,97,100,7.9
302,Aksu,CN,2021-04-07 17:32:32,41.1231,80.2644,53.67,44,100,6.58
303,Santa Maria,BR,2021-04-07 17:32:32,-29.6842,-53.8069,84.2,54,20,12.66
304,Saint George,US,2021-04-07 17:31:02,37.1041,-113.5841,66.0,15,1,0.81
305,Skjervoy,NO,2021-04-07 17:32:32,70.0311,20.9714,33.8,64,90,5.75
306,Iwaki,JP,2021-04-07 17:32:33,37.05,140.8833,46.99,58,6,5.99
307,Saint-Augustin,CA,2021-04-07 17:32:33,51.226,-58.6502,43.21,94,99,12.66
308,Huarmey,PE,2021-04-07 17:32:33,-10.0681,-78.1522,76.39,73,42,12.08
309,Sabaudia,IT,2021-04-07 17:32:34,41.3003,13.0282,51.8,25,75,3.44
310,Mayo,US,2021-04-07 17:32:34,38.8876,-76.5119,75.99,59,1,6.91
311,Nikolskoye,RU,2021-04-07 17:32:34,59.7035,30.7861,42.01,60,0,6.71
312,Bambari,CF,2021-04-07 17:32:35,5.768,20.6757,89.1,34,96,6.11
313,Karlskoga,SE,2021-04-07 17:32:35,59.3267,14.5239,46.4,34,0,6.91
314,San Cristobal,VE,2021-04-07 17:32:36,7.7669,-72.225,89.6,45,40,18.41
315,Centralia,US,2021-04-07 17:32:36,46.7162,-122.9543,48.0,81,90,6.91
316,Khatanga,RU,2021-04-07 17:32:37,71.9667,102.5,-19.75,100,72,3.15
317,Kenora,CA,2021-04-07 17:32:37,49.8167,-94.4337,53.6,35,90,16.11
318,Tessalit,ML,2021-04-07 17:32:38,20.1986,1.0114,91.26,6,78,9.35
319,Leningradskiy,RU,2021-04-07 17:32:38,69.3833,178.4167,-20.65,97,69,5.68
320,Borazjan,IR,2021-04-07 17:32:38,29.2666,51.2159,71.6,68,0,6.91
321,Waingapu,ID,2021-04-07 17:32:39,-9.6567,120.2641,77.45,84,40,3.36
322,Kavieng,PG,2021-04-07 17:32:39,-2.5744,150.7967,81.73,75,100,8.86
323,Batsfjord,NO,2021-04-07 17:32:39,70.6345,29.7185,35.6,74,0,20.71
324,Provideniya,RU,2021-04-07 17:32:40,64.3833,-173.3,-1.61,96,100,11.36
325,Kirakira,SB,2021-04-07 17:32:40,-10.4544,161.9205,79.92,81,93,9.89
326,Alekseyevka,RU,2021-04-07 17:32:40,50.6309,38.6903,46.8,91,100,10.96
327,Morro Bay,US,2021-04-07 17:32:41,35.3658,-120.8499,53.6,76,90,4.61
328,Usinsk,RU,2021-04-07 17:32:41,65.9939,57.5281,34.45,85,98,9.19
329,Souillac,MU,2021-04-07 17:32:42,-20.5167,57.5167,80.6,78,75,8.05
330,Abu Zabad,SD,2021-04-07 17:30:12,12.35,29.25,88.56,7,10,10.56
331,Kalabo,ZM,2021-04-07 17:32:42,-14.97,22.6814,74.73,44,76,5.41
332,Flinders,AU,2021-04-07 17:32:42,-34.5833,150.8552,66.99,93,65,1.01
333,Peniche,PT,2021-04-07 17:32:43,39.3558,-9.3811,63.0,79,94,5.99
334,Ponta Do Sol,PT,2021-04-07 17:32:43,32.6667,-17.1,66.0,66,72,3.0
335,Khorramshahr,IR,2021-04-07 17:32:44,30.4397,48.1664,86.0,19,0,4.61
336,Old Town,CZ,2021-04-07 17:32:44,50.087,14.4202,39.0,75,75,14.97
337,Tazmalt,DZ,2021-04-07 17:32:44,36.3868,4.3989,51.84,84,77,8.68
338,Maroantsetra,MG,2021-04-07 17:32:45,-15.4333,49.7333,77.65,85,95,6.89
339,Matagami,CA,2021-04-07 17:32:45,49.7502,-77.6328,55.4,41,90,6.91
340,Riwaka,NZ,2021-04-07 17:32:45,-41.0833,173.0,52.0,85,1,3.0
341,Kamina,CD,2021-04-07 17:32:46,-8.7386,24.9906,65.17,96,95,4.25
342,Biltine,TD,2021-04-07 17:32:46,14.5333,20.9167,91.56,9,75,8.01
343,Ranghulu,CN,2021-04-07 17:29:02,46.65,124.8667,29.93,24,5,5.59
344,Klyuchi,RU,2021-04-07 17:32:47,52.2667,79.1667,34.79,78,3,1.59
345,Severo-Kurilsk,RU,2021-04-07 17:32:47,50.6789,156.125,31.28,90,100,32.19
346,Vavuniya,LK,2021-04-07 17:32:47,8.7514,80.4971,72.68,90,65,3.15
347,Juquia,BR,2021-04-07 17:32:48,-24.3208,-47.6347,78.12,75,48,4.36
348,Saint-Francois,FR,2021-04-07 17:32:48,46.4154,3.9054,48.2,31,0,1.14
349,Teguise,ES,2021-04-07 17:32:49,29.0605,-13.564,68.0,73,20,6.91
350,Tamandare,BR,2021-04-07 17:32:06,-8.7597,-35.1047,83.21,61,75,9.57
351,Liepaja,LV,2021-04-07 17:32:49,56.5419,21.0367,39.2,93,90,9.22
352,Takoradi,GH,2021-04-07 17:32:49,4.8845,-1.7554,82.98,78,31,12.19
353,Pitlochry,GB,2021-04-07 17:32:50,56.7051,-3.7343,41.0,56,100,8.01
354,Jahanabad,IN,2021-04-07 17:32:50,25.2167,84.9833,82.4,61,40,6.91
355,Zabaykalsk,RU,2021-04-07 17:32:51,49.6333,117.3167,36.19,42,8,6.15
356,Tianpeng,CN,2021-04-07 17:32:51,30.9866,103.9393,62.6,82,40,4.47
357,Sao Joao Da Barra,BR,2021-04-07 17:32:51,-21.6403,-41.0511,78.8,65,75,6.91
358,Poya,NC,2021-04-07 17:32:52,-21.35,165.15,73.63,85,13,5.53
359,Maragogi,BR,2021-04-07 17:32:52,-9.0122,-35.2225,82.8,62,87,9.42
360,Sao Francisco,BR,2021-04-07 17:32:53,-15.9486,-44.8644,78.76,62,100,3.96
361,Narsaq,GL,2021-04-07 17:30:43,60.9167,-46.05,42.8,61,20,6.91
362,Isla Vista,US,2021-04-07 17:28:14,34.4133,-119.861,68.0,77,1,3.44
363,Buala,SB,2021-04-07 17:32:53,-8.145,159.5921,78.31,81,100,7.54
364,Jieznas,LT,2021-04-07 17:32:54,54.6,24.1667,37.4,60,75,6.91
365,Soskovo,RU,2021-04-07 17:32:54,52.7475,35.3828,40.19,94,99,6.11
366,Utena,LT,2021-04-07 17:32:55,55.5,25.6,33.67,71,66,6.64
367,Kinsale,IE,2021-04-07 17:32:55,51.7075,-8.5306,51.01,71,75,13.8
368,Pevek,RU,2021-04-07 17:32:55,69.7008,170.3133,-27.96,99,99,4.5
369,San Ramon,US,2021-04-07 17:32:56,37.7799,-121.978,59.0,62,1,6.91
370,Krasnyy Sulin,RU,2021-04-07 17:32:56,47.8922,40.0704,59.0,72,0,13.42
371,Bull Savanna,JM,2021-04-07 17:32:56,17.8868,-77.5902,81.12,64,93,6.51
372,Aguililla,MX,2021-04-07 17:32:57,18.7333,-102.7333,88.74,21,0,4.83
373,Vao,NC,2021-04-07 17:32:57,-22.6667,167.4833,75.45,70,24,12.97
374,Jiuquan,CN,2021-04-07 17:32:58,39.7432,98.5174,49.19,36,71,8.32
375,Jhelum,PK,2021-04-07 17:32:58,32.9331,73.7264,70.23,36,0,8.43
376,Komsomolskiy,UZ,2021-04-07 17:32:58,40.4272,71.7189,55.4,47,49,9.22
377,Comodoro Rivadavia,AR,2021-04-07 17:29:32,-45.8667,-67.5,69.8,32,75,16.11
378,Doha,QA,2021-04-07 17:29:44,25.2867,51.5333,84.2,18,0,6.91
379,Loreto,MX,2021-04-07 17:32:59,22.2667,-101.9667,77.0,14,4,7.09
380,Sanguem,IN,2021-04-07 17:32:59,15.2333,74.1667,77.52,87,45,2.82
381,Chabahar,IR,2021-04-07 17:33:00,25.2919,60.643,78.89,62,0,7.85
382,Katobu,ID,2021-04-07 17:33:00,-4.9408,122.5276,74.77,93,97,1.92
383,Bondo,CD,2021-04-07 17:33:00,3.8146,23.6866,79.81,50,95,1.99
384,Tateyama,JP,2021-04-07 17:33:01,34.9833,139.8667,53.01,53,57,1.01
385,Santa Isabel Do Rio Negro,BR,2021-04-07 17:33:01,-0.4139,-65.0192,87.53,60,98,1.07
386,Kakanj,BA,2021-04-07 17:33:01,44.1272,18.1181,35.6,60,40,2.3
387,Kuytun,RU,2021-04-07 17:33:02,54.3419,101.5036,32.99,99,100,2.37
388,Brae,GB,2021-04-07 17:33:02,60.3964,-1.353,35.6,64,40,12.66
389,Magaria,NE,2021-04-07 17:33:02,12.9983,8.9099,93.52,10,39,9.37
390,Rocha,UY,2021-04-07 17:33:03,-34.4833,-54.3333,81.19,47,4,11.95
391,Road Town,VG,2021-04-07 17:31:22,18.4167,-64.6167,84.2,65,40,8.05
392,Kiama,AU,2021-04-07 17:33:03,-34.6833,150.8667,66.99,94,56,1.01
393,Salinas,US,2021-04-07 17:33:04,36.6777,-121.6555,57.99,76,90,5.95
394,Krasnaya Gora,RU,2021-04-07 17:33:04,52.9995,31.6023,33.8,93,90,11.18
395,Saint-Pierre,RE,2021-04-07 17:33:04,-21.3393,55.4781,78.8,83,20,4.61
396,Yumen,CN,2021-04-07 17:33:05,40.2833,97.2,48.81,35,65,17.87
397,Kazerun,IR,2021-04-07 17:33:06,29.6195,51.6541,70.66,27,42,2.28
398,Shelburne,CA,2021-04-07 17:33:06,44.0787,-80.2041,66.99,27,1,8.05
399,Machala,EC,2021-04-07 17:32:41,-3.2667,-79.9667,89.6,55,40,3.44
400,Aldan,RU,2021-04-07 17:33:06,58.6031,125.3894,2.17,86,58,5.95
401,Novoselitskoye,RU,2021-04-07 17:33:07,44.7508,43.4369,60.8,39,18,11.18
402,Lifford,IE,2021-04-07 17:33:07,54.8319,-7.4836,50.0,71,40,10.36
403,Portland,US,2021-04-07 17:29:00,45.5234,-122.6762,46.99,71,90,4.61
404,Andenes,NO,2021-04-07 17:33:08,69.3143,16.1194,33.8,64,75,20.71
405,Emerald,AU,2021-04-07 17:33:08,-23.5333,148.1667,68.0,88,84,5.75
406,Mareeba,AU,2021-04-07 17:33:09,-17.0,145.4333,78.8,83,99,1.72
407,Nelson Bay,AU,2021-04-07 17:33:09,-32.7167,152.15,64.4,100,40,4.61
408,Dehui,CN,2021-04-07 17:33:09,44.5333,125.7,37.4,30,20,8.95
409,Rafaela,AR,2021-04-07 17:33:10,-31.2503,-61.4867,84.99,44,56,7.0
410,Batagay-Alyta,RU,2021-04-07 17:33:10,67.8006,130.4114,-25.01,99,75,5.91
411,Dwarka,IN,2021-04-07 17:33:11,22.2394,68.9678,80.02,75,0,13.24
412,Nantucket,US,2021-04-07 17:30:47,41.2835,-70.0995,46.0,88,85,15.61
413,Madison,US,2021-04-07 17:30:15,34.7334,-86.5667,77.0,64,75,6.91
414,Karratha,AU,2021-04-07 17:33:11,-20.7377,116.8463,81.52,67,10,5.19
415,Hokitika,NZ,2021-04-07 17:33:12,-42.7167,170.9667,51.96,87,60,4.18
416,Half Moon Bay,US,2021-04-07 17:33:12,37.4636,-122.4286,57.0,76,90,12.66
417,Folkestone,GB,2021-04-07 17:33:13,51.0833,1.1833,43.0,47,83,5.01
418,Gat,IL,2021-04-07 17:30:06,31.61,34.7642,73.0,27,2,4.0
419,Inirida,CO,2021-04-07 17:33:13,3.8653,-67.9239,85.55,71,91,1.36
420,Lata,PT,2021-04-07 17:33:13,40.1629,-8.3327,66.99,72,0,8.05
421,Moron,AR,2021-04-07 17:32:39,-34.6534,-58.6198,86.0,58,11,7.0
422,Beloha,MG,2021-04-07 17:33:14,-25.1667,45.05,71.73,75,1,15.08
423,Surt,LY,2021-04-07 17:33:14,31.2089,16.5887,65.48,65,65,16.31
424,Corby,GB,2021-04-07 17:33:15,52.4964,-0.6894,46.0,42,90,11.5
425,Yanggu,CN,2021-04-07 17:33:15,36.1106,115.7753,50.92,65,91,3.18
426,Byron Bay,AU,2021-04-07 17:33:15,-28.65,153.6167,69.8,94,75,5.75
427,Waipawa,NZ,2021-04-07 17:33:16,-41.4122,175.5153,53.6,94,8,9.22
428,Kenai,US,2021-04-07 17:33:16,60.5544,-151.2583,21.0,72,1,4.61
429,Podor,MR,2021-04-07 17:33:16,16.6527,-14.9587,107.6,14,0,2.3
430,Santiago,CL,2021-04-07 17:31:28,-33.4569,-70.6483,78.01,46,0,4.61
431,Beira,MZ,2021-04-07 17:33:17,-19.8436,34.8389,78.8,65,20,8.1
432,Talcahuano,CL,2021-04-07 17:33:17,-36.7167,-73.1167,66.2,72,20,10.36
433,Muyezerskiy,RU,2021-04-07 17:33:18,63.9333,31.65,31.24,81,47,9.13
434,Weiser,US,2021-04-07 17:33:18,44.251,-116.9693,57.0,35,1,4.61
435,West Bay,KY,2021-04-07 17:33:18,19.3667,-81.4167,82.4,69,40,12.66
436,Seymchan,RU,2021-04-07 17:33:19,62.8833,152.4333,-18.02,100,37,0.83
437,Dagua,CO,2021-04-07 17:33:19,3.6569,-76.6886,78.8,78,75,3.44
438,Darhan,MN,2021-04-07 17:33:19,49.4867,105.9228,46.13,31,65,5.26
439,Pangnirtung,CA,2021-04-07 17:33:20,66.1451,-65.7125,30.2,80,90,33.38
440,Poli,TZ,2021-04-07 17:33:20,-3.3333,36.8,75.2,83,40,5.75
441,Jalu,LY,2021-04-07 17:33:21,29.0331,21.5482,72.18,23,4,10.13
442,Pietersburg,ZA,2021-04-07 17:33:21,-23.9045,29.4688,64.4,59,20,8.05
443,Bogdanovich,RU,2021-04-07 17:32:14,56.7803,62.0494,34.05,99,100,8.61
444,Paamiut,GL,2021-04-07 17:33:21,61.994,-49.6678,33.49,82,44,2.33
445,Mitsamiouli,KM,2021-04-07 17:33:22,-11.3847,43.2844,80.6,83,20,5.75
446,Soria,ES,2021-04-07 17:29:22,41.6667,-2.6667,52.48,30,7,9.06
447,Natal,BR,2021-04-07 17:32:38,-5.795,-35.2094,86.0,66,75,16.11
448,Absam,AT,2021-04-07 17:33:22,47.3,11.5,35.6,44,75,18.41
449,Phalia,PK,2021-04-07 17:30:28,32.4297,73.5775,69.3,35,0,7.7
450,San Jose,US,2021-04-07 17:31:50,37.3394,-121.895,59.0,62,20,4.61
451,Sturgis,US,2021-04-07 17:33:23,41.7992,-85.4192,75.99,50,75,13.8
452,Hofn,IS,2021-04-07 17:33:24,64.2539,-15.2082,28.4,74,90,21.85
453,Churapcha,RU,2021-04-07 17:33:24,62.0025,132.4325,-16.78,100,48,3.27
454,Bhavnagar,IN,2021-04-07 17:30:18,21.7667,72.15,86.52,43,0,8.37
455,Felipe Carrillo Puerto,MX,2021-04-07 17:33:25,19.5833,-88.05,90.59,41,94,6.96
456,Dargaville,NZ,2021-04-07 17:33:25,-35.9333,173.8833,54.27,93,39,1.79
457,Izyum,UA,2021-04-07 17:33:25,49.2088,37.2485,46.4,86,69,7.31
458,Leshukonskoye,RU,2021-04-07 17:33:26,64.8989,45.7622,35.15,97,100,8.3
459,Perth,AU,2021-04-07 17:31:05,-31.9333,115.8333,69.01,83,75,9.22
460,Amos,CA,2021-04-07 17:33:26,48.5669,-78.1162,62.6,19,75,6.91
461,Atlantic Beach,US,2021-04-07 17:33:27,30.3344,-81.3987,80.6,53,20,5.75
462,Tonj,SS,2021-04-07 17:33:27,7.2737,28.6822,92.1,25,52,4.41
463,Sao Jose Da Coroa Grande,BR,2021-04-07 17:33:27,-8.8978,-35.1478,82.94,62,81,9.48
464,Meulaboh,ID,2021-04-07 17:33:28,4.1363,96.1285,76.53,88,100,3.47
465,Bria,CF,2021-04-07 17:33:28,6.5423,21.9863,86.74,31,100,2.62
466,Salinopolis,BR,2021-04-07 17:33:01,-0.6136,-47.3561,81.63,79,81,8.9
467,Anzhero-Sudzhensk,RU,2021-04-07 17:33:29,56.081,86.0285,33.8,93,75,11.18
468,Zhizdra,RU,2021-04-07 17:33:29,53.746,34.7395,35.6,93,100,11.18
469,Altyn-Topkan,TJ,2021-04-07 17:33:29,40.6528,69.5998,57.2,58,1,2.24
470,Christchurch,NZ,2021-04-07 17:28:33,-43.5333,172.6333,53.01,100,40,4.61
471,Scarborough,GB,2021-04-07 17:33:30,54.2797,-0.4044,41.0,59,98,1.99
472,Coffs Harbour,AU,2021-04-07 17:33:30,-30.3,153.1333,66.2,94,90,12.66
473,Esmeraldas,BR,2021-04-07 17:33:31,-19.7625,-44.3139,77.0,57,75,10.36
474,Paris,FR,2021-04-07 17:30:04,48.8534,2.3488,48.2,42,0,12.66
475,Porbandar,IN,2021-04-07 17:33:31,21.6422,69.6093,80.42,74,0,12.44
476,Husavik,IS,2021-04-07 17:33:31,66.0449,-17.3389,26.6,74,90,11.5
477,Douglas,US,2021-04-07 17:33:32,41.3,-96.167,51.8,82,90,12.66
478,Severnyy,RU,2021-04-07 17:33:32,50.677,36.5532,44.6,93,75,2.24
479,Padang,ID,2021-04-07 17:33:32,-0.9492,100.3543,77.0,88,75,2.3
480,Krasnoarmeysk,RU,2021-04-07 17:33:33,51.0239,45.6969,43.3,82,95,15.82
481,Yashkul,RU,2021-04-07 17:33:33,46.1711,45.3435,50.94,47,79,18.52
482,Lorengau,PG,2021-04-07 17:33:33,-2.0226,147.2712,79.99,84,100,17.07
483,Jawa,JO,2021-04-07 17:33:34,31.8525,35.9393,69.8,23,1,3.44
484,Kushiro,JP,2021-04-07 17:33:34,42.975,144.3747,32.32,87,11,4.76
485,Cervo,ES,2021-04-07 17:33:35,43.6702,-7.4101,54.0,67,50,4.0
486,Port Macquarie,AU,2021-04-07 17:33:35,-31.4333,152.9167,66.2,100,75,1.14
487,Jurm,AF,2021-04-07 17:33:35,36.8648,70.8342,40.08,53,33,5.08
488,Cockburn Town,TC,2021-04-07 17:33:36,21.4612,-71.1419,77.0,53,40,10.36
489,Nanortalik,GL,2021-04-07 17:33:36,60.1432,-45.2371,35.31,89,20,4.68
490,Hirapur,IN,2021-04-07 17:33:36,21.5333,79.7667,89.33,16,80,2.46
491,Loandjili,CG,2021-04-07 17:33:37,-4.7561,11.8578,82.4,78,20,10.36
492,Ranong,TH,2021-04-07 17:33:37,9.9658,98.6348,76.77,93,95,8.41
493,Tilichiki,RU,2021-04-07 17:33:37,60.4667,166.1,-8.28,98,51,6.44
494,Nakambala,ZM,2021-04-07 17:33:38,-15.8324,27.7799,64.15,67,11,6.38
495,Antalaha,MG,2021-04-07 17:33:38,-14.9003,50.2788,77.0,84,80,8.86
496,Vincennes,FR,2021-04-07 17:33:39,48.85,2.4333,48.2,34,0,10.36
497,Mahibadhoo,MV,2021-04-07 17:33:39,3.7833,72.9667,82.69,68,38,6.2
498,Denpasar,ID,2021-04-07 17:33:39,-8.65,115.2167,80.6,94,40,2.3
499,Ucluelet,CA,2021-04-07 17:33:40,48.9329,-125.5528,44.01,93,90,6.91
500,Kushima,JP,2021-04-07 17:33:40,31.4583,131.2333,51.8,82,75,2.1
501,Pimentel,PE,2021-04-07 17:33:40,-6.8367,-79.9342,80.6,57,75,19.57
502,Ampanihy,MG,2021-04-07 17:33:41,-24.7,44.75,71.1,75,7,13.4
503,Bari,IT,2021-04-07 17:33:41,41.1177,16.8512,50.0,43,20,11.5
504,Campbell River,CA,2021-04-07 17:30:18,50.0163,-125.2446,45.0,93,90,4.61
505,Makat,KZ,2021-04-07 17:33:42,47.6469,53.3463,52.83,43,57,7.9
506,Koscierzyna,PL,2021-04-07 17:33:42,54.1223,17.9812,37.4,65,20,16.11
507,Kharp,RU,2021-04-07 17:33:42,66.8014,65.8081,25.93,94,84,3.06
508,Sokoni,TZ,2021-04-07 17:33:43,-6.4333,39.55,80.6,78,40,9.22
509,Sayanogorsk,RU,2021-04-07 17:33:43,53.0875,91.3997,37.08,80,83,11.25
510,Aswan,EG,2021-04-07 17:33:44,24.0934,32.907,86.83,5,8,9.46
511,Valleyview,CA,2021-04-07 17:30:44,55.0667,-117.2859,33.8,100,100,1.14
512,Hualahuises,MX,2021-04-07 17:33:44,24.8847,-99.6733,94.95,23,3,8.72
513,Zhuhai,CN,2021-04-07 17:33:44,22.2769,113.5678,75.99,88,40,11.5
514,Chulman,RU,2021-04-07 17:33:45,56.8479,124.9104,-0.76,95,94,2.59
515,Pochutla,MX,2021-04-07 17:33:45,15.7432,-96.4661,93.0,40,40,11.5
516,Katherine,AU,2021-04-07 17:33:45,-14.4667,132.2667,77.0,83,90,3.44
517,Saravan,AM,2021-04-07 17:33:46,39.7196,45.6483,60.8,41,40,6.91
518,Ahipara,NZ,2021-04-07 17:33:46,-35.1667,173.1667,57.81,91,47,3.31
519,Asfi,MA,2021-04-07 17:29:52,32.2994,-9.2372,63.66,77,52,11.95
520,Marsh Harbour,BS,2021-04-07 17:33:47,26.5412,-77.0636,70.45,46,44,7.45
521,Carutapera,BR,2021-04-07 17:33:47,-1.195,-46.02,86.02,66,80,7.16
522,Kresek,ID,2021-04-07 17:30:27,-6.1314,106.3797,78.01,83,20,6.91
523,Eenhana,NA,2021-04-07 17:33:47,-17.4667,16.3333,82.4,47,77,1.14
524,Sitka,US,2021-04-07 17:33:48,57.0531,-135.33,35.6,80,40,2.28
525,Tairua,NZ,2021-04-07 17:33:48,-37.0167,175.85,62.01,92,86,4.0
526,Cururupu,BR,2021-04-07 17:33:48,-1.8283,-44.8683,88.02,54,19,7.78
527,Umm Kaddadah,SD,2021-04-07 17:33:49,13.6017,26.6876,86.16,7,26,12.59
528,Choix,MX,2021-04-07 17:33:49,26.7092,-108.3219,92.62,15,73,6.15
529,Baffa,PK,2021-04-07 17:33:49,34.4378,73.2194,55.87,57,82,7.14
530,Palmer,US,2021-04-07 17:28:57,42.1584,-72.3287,64.0,42,75,8.05
531,Flekkefjord,NO,2021-04-07 17:33:50,58.2971,6.6607,44.01,64,8,18.52
532,Cervia,IT,2021-04-07 17:33:50,44.2657,12.3427,42.8,81,0,10.36
533,Dabat,ET,2021-04-07 17:33:51,12.9842,37.765,67.62,32,92,1.03
534,Pacific Grove,US,2021-04-07 17:31:00,36.6177,-121.9166,57.2,67,40,6.42
535,Sault Sainte Marie,CA,2021-04-07 17:33:51,46.5168,-84.3333,53.6,66,75,12.66
536,Hearst,CA,2021-04-07 17:33:52,49.6835,-83.6665,50.0,57,100,4.61
537,Nikolayevsk-Na-Amure,RU,2021-04-07 17:33:52,53.1406,140.73,27.03,93,100,11.03
538,Russell,US,2021-04-07 17:30:07,32.3502,-85.1999,77.0,38,20,5.68
539,Halifax,CA,2021-04-07 17:32:03,44.6453,-63.5724,57.2,58,40,20.71
540,Teya,RU,2021-04-07 17:33:53,60.3778,92.6267,30.56,93,89,2.24
541,Ridgecrest,US,2021-04-07 17:33:53,35.6225,-117.6709,73.0,21,1,4.09
542,Neiafu,TO,2021-04-07 17:33:54,-18.65,-173.9833,66.2,100,20,9.53
543,Nishihara,JP,2021-04-07 17:33:54,26.1842,127.7558,68.0,72,20,5.75
544,Moose Factory,CA,2021-04-07 17:33:54,51.2585,-80.6094,44.6,65,75,6.91
545,Bharatpur,IN,2021-04-07 17:33:55,27.2167,77.4833,84.42,14,5,11.07
546,Hervey Bay,AU,2021-04-07 17:33:55,-25.2986,152.8535,68.0,90,1,1.01
547,Ode,NG,2021-04-07 17:33:55,7.7899,5.7117,88.7,42,97,4.38
548,Mildura,AU,2021-04-07 17:30:23,-34.2,142.15,51.8,58,0,3.24
549,Bonanza,NI,2021-04-07 17:33:56,14.0289,-84.591,86.92,48,99,4.27
550,Boguchany,RU,2021-04-07 17:33:56,58.3814,97.4531,29.17,97,99,2.04
551,Bonavista,CA,2021-04-07 17:33:57,48.6499,-53.1147,39.2,100,100,4.61
552,Lima,PE,2021-04-07 17:31:37,-12.0432,-77.0282,75.2,69,0,8.05
553,Ketchikan,US,2021-04-07 17:33:57,55.3422,-131.6461,37.4,87,40,4.61
554,Shenjiamen,CN,2021-04-07 17:33:58,29.9576,122.298,53.51,79,100,16.04
555,Butterworth,MY,2021-04-07 17:33:58,5.3991,100.3638,80.6,89,20,5.57
556,Troitskiy,RU,2021-04-07 17:33:58,57.0603,63.7481,36.21,97,100,7.9
557,Awbari,LY,2021-04-07 17:33:59,26.5921,12.7805,86.09,11,1,6.17
558,Bulgan,MN,2021-04-07 17:33:59,48.8125,103.5347,40.39,37,66,2.21
